{"learner":{"attributes":{"best_iteration":"0","best_score":"0.15506353682381485","scikit_learn":"{\"_estimator_type\": \"regressor\"}"},"feature_names":[],"feature_types":[],"gradient_booster":{"model":{"cats":{"enc":[],"feature_segments":[],"sorted_idx":[]},"gbtree_model_param":{"num_parallel_tree":"1","num_trees":"31"},"iteration_indptr":[0,1,2,3,4,5,6,7,8,9,10,11,12,13,14,15,16,17,18,19,20,21,22,23,24,25,26,27,28,29,30,31],"tree_info":[0,0,0,0,0,0,0,0,0,0,0,0,0,0,0,0,0,0,0,0,0,0,0,0,0,0,0,0,0,0,0],"trees":[{"base_weights":[-2.4031067E-5,1.0002633E-4,-1.6919291E-3],"categories":[],"categories_nodes":[],"categories_segments":[],"categories_sizes":[],"default_left":[0,0,0],"id":0,"left_children":[1,-1,-1],"loss_changes":[9.552441E-1,0E0,0E0],"parents":[2147483647,0,0],"right_children":[2,-1,-1],"split_conditions":[1.070133E0,1.0002633E-4,-1.6919291E-3],"split_indices":[22,0,0],"split_type":[0,0,0],"sum_hessian":[5.0412E4,4.7274E4,3.138E3],"tree_param":{"num_deleted":"0","num_feature":"41","num_nodes":"3","size_leaf_vector":"1"}},{"base_weights":[-6.3573377E-4,5.891131E-2,-1.19792916E-4,2.6384227E-2,-0E0],"categories":[],"categories_nodes":[],"categories_segments":[],"categories_sizes":[],"default_left":[0,0,0,0,0],"id":1,"left_children":[1,3,-1,-1,-1],"loss_changes":[1.4360741E0,4.7181416E0,0E0,0E0,0E0],"parents":[2147483647,0,0,1,1],"right_children":[2,4,-1,-1,-1],"split_conditions":[-8.328585E-1,9.037257E-1,-1.19792916E-4,2.6384227E-2,-0E0],"split_indices":[11,37,0,0,0],"split_type":[0,0,0,0,0],"sum_hessian":[5.0352E4,3.98E2,4.9954E4,8.6E1,3.12E2],"tree_param":{"num_deleted":"0","num_feature":"41","num_nodes":"5","size_leaf_vector":"1"}},{"base_weights":[5.907208E-4,5.511326E-2,7.7014614E-5,1.8897017E-2,8.604673E-4,-6.9248774E-3,4.7391342E-5],"categories":[],"categories_nodes":[],"categories_segments":[],"categories_sizes":[],"default_left":[0,0,0,0,0,0,0],"id":2,"left_children":[1,3,5,-1,-1,-1,-1],"loss_changes":[1.1605548E0,1.5070364E0,1.0755577E0,0E0,0E0,0E0,0E0],"parents":[2147483647,0,0,1,1,2,2],"right_children":[2,4,6,-1,-1,-1,-1],"split_conditions":[-8.3322996E-1,8.998371E-1,-8.185986E-1,1.8897017E-2,8.604673E-4,-6.9248774E-3,4.7391342E-5],"split_indices":[19,37,31,0,0,0,0],"split_type":[0,0,0,0,0,0,0],"sum_hessian":[5.0571E4,3.87E2,5.0184E4,7.3E1,3.14E2,2.19E2,4.9965E4],"tree_param":{"num_deleted":"0","num_feature":"41","num_nodes":"7","size_leaf_vector":"1"}},{"base_weights":[6.2277616E-4,5.2468054E-2,1.3814583E-5,1.6301008E-2,3.298218E-4],"categories":[],"categories_nodes":[],"categories_segments":[],"categories_sizes":[],"default_left":[0,0,0,0,0],"id":3,"left_children":[1,3,-1,-1,-1],"loss_changes":[1.0214244E0,1.2924777E0,0E0,0E0,0E0],"parents":[2147483647,0,0,1,1],"right_children":[2,4,-1,-1,-1],"split_conditions":[-8.3322996E-1,9.0996814E-1,1.3814583E-5,1.6301008E-2,3.298218E-4],"split_indices":[19,37,0,0,0],"split_type":[0,0,0,0,0],"sum_hessian":[5.0431E4,3.77E2,5.0054E4,8.6E1,2.91E2],"tree_param":{"num_deleted":"0","num_feature":"41","num_nodes":"5","size_leaf_vector":"1"}},{"base_weights":[-2.5891748E-4],"categories":[],"categories_nodes":[],"categories_segments":[],"categories_sizes":[],"default_left":[0],"id":4,"left_children":[-1],"loss_changes":[0E0],"parents":[2147483647],"right_children":[-1],"split_conditions":[-2.5763287E-5],"split_indices":[0],"split_type":[0],"sum_hessian":[5.0439E4],"tree_param":{"num_deleted":"0","num_feature":"41","num_nodes":"1","size_leaf_vector":"1"}},{"base_weights":[8.9076854E-4,5.8895167E-2,3.3854558E-5,1.3203154E-2,-0E0],"categories":[],"categories_nodes":[],"categories_segments":[],"categories_sizes":[],"default_left":[0,0,0,0,0],"id":5,"left_children":[1,3,-1,-1,-1],"loss_changes":[1.3317811E0,1.1657519E0,0E0,0E0,0E0],"parents":[2147483647,0,0,1,1],"right_children":[2,4,-1,-1,-1],"split_conditions":[-8.40134E-1,-4.6117952E-1,3.3854558E-5,1.3203154E-2,-0E0],"split_indices":[32,21,0,0,0],"split_type":[0,0,0,0,0],"sum_hessian":[5.0305E4,3.93E2,4.9912E4,1.43E2,2.5E2],"tree_param":{"num_deleted":"0","num_feature":"41","num_nodes":"5","size_leaf_vector":"1"}},{"base_weights":[3.559586E-4],"categories":[],"categories_nodes":[],"categories_segments":[],"categories_sizes":[],"default_left":[0],"id":6,"left_children":[-1],"loss_changes":[0E0],"parents":[2147483647],"right_children":[-1],"split_conditions":[3.5419253E-5],"split_indices":[0],"split_type":[0],"sum_hessian":[5.0256E4],"tree_param":{"num_deleted":"0","num_feature":"41","num_nodes":"1","size_leaf_vector":"1"}},{"base_weights":[-1.6094641E-4],"categories":[],"categories_nodes":[],"categories_segments":[],"categories_sizes":[],"default_left":[0],"id":7,"left_children":[-1],"loss_changes":[0E0],"parents":[2147483647],"right_children":[-1],"split_conditions":[-1.6014788E-5],"split_indices":[0],"split_type":[0],"sum_hessian":[5.0431E4],"tree_param":{"num_deleted":"0","num_feature":"41","num_nodes":"1","size_leaf_vector":"1"}},{"base_weights":[5.5237153E-5,1.643349E-2,-1.168736E-4,9.837106E-4,8.407839E-3],"categories":[],"categories_nodes":[],"categories_segments":[],"categories_sizes":[],"default_left":[0,0,0,0,0],"id":8,"left_children":[1,3,-1,-1,-1],"loss_changes":[1.0860146E0,1.2479397E0,0E0,0E0,0E0],"parents":[2147483647,0,0,1,1],"right_children":[2,4,-1,-1,-1],"split_conditions":[-7.901301E-1,5.8612723E-2,-1.168736E-4,9.837106E-4,8.407839E-3],"split_indices":[1,35,0,0,0],"split_type":[0,0,0,0,0],"sum_hessian":[5.0404E4,3.783E3,4.6621E4,3.514E3,2.69E2],"tree_param":{"num_deleted":"0","num_feature":"41","num_nodes":"5","size_leaf_vector":"1"}},{"base_weights":[-0E0],"categories":[],"categories_nodes":[],"categories_segments":[],"categories_sizes":[],"default_left":[0],"id":9,"left_children":[-1],"loss_changes":[0E0],"parents":[2147483647],"right_children":[-1],"split_conditions":[-0E0],"split_indices":[0],"split_type":[0],"sum_hessian":[5.0539E4],"tree_param":{"num_deleted":"0","num_feature":"41","num_nodes":"1","size_leaf_vector":"1"}},{"base_weights":[2.8267095E-4,8.4457126E-5,-3.9975114E-2,-0E0,-7.841717E-2,-1.0802602E-2,-0E0],"categories":[],"categories_nodes":[],"categories_segments":[],"categories_sizes":[],"default_left":[0,0,0,0,0,0,0],"id":10,"left_children":[1,-1,3,-1,5,-1,-1],"loss_changes":[9.6798134E-1,0E0,1.1410623E0,0E0,1.0319545E0,0E0,0E0],"parents":[2147483647,0,0,2,2,4,4],"right_children":[2,-1,4,-1,6,-1,-1],"split_conditions":[2.4620898E0,8.4457126E-5,-3.6278796E-1,-0E0,6.8680227E-1,-1.0802602E-2,-0E0],"split_indices":[35,0,39,0,1,0,0],"split_type":[0,0,0,0,0,0,0],"sum_hessian":[5.0431E4,4.9846E4,5.85E2,2.48E2,3.37E2,2.63E2,7.4E1],"tree_param":{"num_deleted":"0","num_feature":"41","num_nodes":"7","size_leaf_vector":"1"}},{"base_weights":[9.705117E-5],"categories":[],"categories_nodes":[],"categories_segments":[],"categories_sizes":[],"default_left":[0],"id":11,"left_children":[-1],"loss_changes":[0E0],"parents":[2147483647],"right_children":[-1],"split_conditions":[9.656965E-6],"split_indices":[0],"split_type":[0],"sum_hessian":[5.0318E4],"tree_param":{"num_deleted":"0","num_feature":"41","num_nodes":"1","size_leaf_vector":"1"}},{"base_weights":[1.0972315E-4,7.673542E-5,-3.6492135E-2,-0E0,-6.4096777E-3],"categories":[],"categories_nodes":[],"categories_segments":[],"categories_sizes":[],"default_left":[0,0,0,0,0],"id":12,"left_children":[1,-1,3,-1,-1],"loss_changes":[1.0540072E0,0E0,9.616169E-1,0E0,0E0],"parents":[2147483647,0,0,2,2],"right_children":[2,-1,4,-1,-1],"split_conditions":[2.168534E0,7.673542E-5,-4.078352E-1,-0E0,-6.4096777E-3],"split_indices":[35,0,39,0,0],"split_type":[0,0,0,0,0],"sum_hessian":[5.0374E4,4.9605E4,7.69E2,2.91E2,4.78E2],"tree_param":{"num_deleted":"0","num_feature":"41","num_nodes":"5","size_leaf_vector":"1"}},{"base_weights":[-1.12905254E-4],"categories":[],"categories_nodes":[],"categories_segments":[],"categories_sizes":[],"default_left":[0],"id":13,"left_children":[-1],"loss_changes":[0E0],"parents":[2147483647],"right_children":[-1],"split_conditions":[-1.1234508E-5],"split_indices":[0],